class,class_idx,precision,recall,f1_score,support,true_positives,false_positives,false_negatives,avg_confidence,avg_rank
1PE-like,0,0.16666666666666666,0.07142857142857142,0.1,14,1,5,13,0.5446787476539612,4.214285714285714
ACO,1,0.6666666666666666,0.3076923076923077,0.42105263157894735,13,4,2,9,0.5483100414276123,15.461538461538462
ACT-like,2,0.0,0.0,0.0,7,0,1,7,0.31227007508277893,9.0
ADN-like,3,0.0,0.0,0.0,1,0,0,1,0.0,3.0
ADP-like,4,0.5063613231552163,0.5768115942028985,0.5392953929539296,345,199,194,146,0.6783226132392883,2.3130434782608695
AGS,5,0.44,0.34375,0.3859649122807018,128,44,56,84,0.5909795761108398,3.6171875
ALA-like,6,0.0,0.0,0.0,2,0,0,2,0.0,48.0
AMP-like,7,0.625,0.38461538461538464,0.4761904761904762,52,20,12,32,0.72225421667099,5.730769230769231
APR-like,8,0.0,0.0,0.0,1,0,1,1,0.4645059108734131,64.0
ATP-like,9,0.639821029082774,0.6244541484716157,0.6320441988950276,458,286,161,172,0.690523624420166,1.668122270742358
BCL,10,0.40476190476190477,0.13127413127413126,0.19825072886297376,259,34,50,225,0.6753091812133789,3.5984555984555984
BCR,11,0.5064935064935064,0.38235294117647056,0.43575418994413406,102,39,38,63,0.6729220747947693,2.1176470588235294
BGC-like,13,0.0,0.0,0.0,6,0,0,6,0.0,11.166666666666666
BLA-like,14,0.0,0.0,0.0,3,0,0,3,0.0,24.666666666666668
BMA-like,15,0.30337078651685395,0.16875,0.21686746987951808,160,27,62,133,0.5266372561454773,2.875
BOG,18,0.0,0.0,0.0,3,0,0,3,0.0,51.333333333333336
BPH,19,0.0,0.0,0.0,17,0,0,17,0.0,6.117647058823529
CA-like,23,0.43575418994413406,0.3759036144578313,0.4036222509702458,415,156,202,259,0.5431197285652161,2.1108433734939758
CD-like,24,0.0,0.0,0.0,1,0,2,1,0.4580729007720947,53.0
CDL,25,0.7669902912621359,0.5787545787545788,0.6597077244258872,273,158,48,115,0.7780184149742126,1.9084249084249085
CHD-like,26,0.0,0.0,0.0,1,0,0,1,0.0,6.0
CL-like,27,0.0,0.0,0.0,14,0,0,14,0.0,9.571428571428571
CLA-like,28,0.7407407407407407,0.8526011560693642,0.7927443735303996,1384,1180,413,204,0.7899177074432373,1.3164739884393064
CLR,29,0.4146341463414634,0.2328767123287671,0.2982456140350877,73,17,24,56,0.676613986492157,3.3835616438356166
CMP-like,30,0.8,0.25,0.38095238095238093,16,4,1,12,0.8142255544662476,12.4375
COA,31,0.3333333333333333,0.2,0.25,5,1,2,4,0.5108500123023987,14.2
CTP-like,32,0.5,0.125,0.2,8,1,1,7,0.6648920774459839,7.875
CYC-like,33,0.3956043956043956,0.5901639344262295,0.4736842105263158,61,36,55,25,0.675265908241272,2.377049180327869
D12-like,34,0.0,0.0,0.0,23,0,4,23,0.38375532627105713,11.91304347826087
DMS-like,35,0.0,0.0,0.0,4,0,0,4,0.0,44.5
EDO-like,36,0.0,0.0,0.0,2,0,0,2,0.0,51.0
F3S,38,0.0,0.0,0.0,1,0,5,1,0.760608434677124,5.0
FAD-like,40,0.625,0.18518518518518517,0.2857142857142857,27,5,3,22,0.5535582304000854,9.777777777777779
FBP,41,1.0,0.5,0.6666666666666666,4,2,0,2,0.5897486805915833,1.5
FES-like,42,0.7391304347826086,0.7391304347826086,0.7391304347826085,138,102,36,36,0.7006978392601013,1.9202898550724639
FMN-like,43,0.7702702702702703,0.6477272727272727,0.7037037037037036,88,57,17,31,0.7924417853355408,2.375
FMT-like,44,0.0,0.0,0.0,2,0,0,2,0.0,8.5
FUC,45,0.0,0.0,0.0,7,0,0,7,0.0,17.571428571428573
GLC-like,47,0.0,0.0,0.0,1,0,3,1,0.3191523253917694,9.0
GOL-like,48,0.0,0.0,0.0,2,0,0,2,0.0,58.5
GTP-like,50,0.4722222222222222,0.40718562874251496,0.43729903536977494,167,68,76,99,0.5669501423835754,2.7664670658682633
GUN-like,51,0.0,0.0,0.0,3,0,1,3,0.3069608211517334,69.0
HEA,52,0.6153846153846154,0.36363636363636365,0.4571428571428572,22,8,5,14,0.6337069869041443,4.5
HEC-like,53,0.5,0.16393442622950818,0.24691358024691357,61,10,10,51,0.6478098630905151,2.9672131147540983
HEZ-like,54,0.0,0.0,0.0,1,0,0,1,0.0,9.0
HG-like,55,0.0,0.0,0.0,1,0,18,1,0.4998275339603424,49.0
LDA-like,58,1.0,0.15384615384615385,0.2666666666666667,13,2,0,11,0.6789268851280212,9.0
LFA-like,59,0.0,0.0,0.0,3,0,0,3,0.0,58.333333333333336
LMT,60,0.46511627906976744,0.16806722689075632,0.24691358024691362,119,20,23,99,0.6364299654960632,4.663865546218488
MAN-like,61,0.27956989247311825,0.12380952380952381,0.1716171617161716,210,26,67,184,0.5045158267021179,3.3476190476190477
MG-like,62,0.5369211514392991,0.680952380952381,0.6004198740377887,630,429,370,201,0.6148524880409241,1.8158730158730159
MLT-like,63,0.5555555555555556,0.3333333333333333,0.4166666666666667,15,5,4,10,0.6679297089576721,10.2
MYR-like,64,0.16666666666666666,0.5,0.25,2,1,5,1,0.7745764255523682,19.0
NAD-like,65,0.5666666666666667,0.4722222222222222,0.5151515151515152,36,17,13,19,0.704967200756073,4.527777777777778
NAG,66,0.8050117462803446,0.9041336851363236,0.851698425849213,2274,2056,498,218,0.8253748416900635,1.1877748460861917
NAP-like,67,0.5116279069767442,0.24719101123595505,0.33333333333333337,89,22,21,67,0.6234083771705627,5.067415730337078
OLA-like,69,0.0,0.0,0.0,12,0,3,12,0.454860121011734,11.25
PEB,71,0.7142857142857143,0.10416666666666667,0.18181818181818182,48,5,2,43,0.4950525760650635,16.25
PEG-like,72,0.0,0.0,0.0,7,0,0,7,0.0,9.571428571428571
PEP-like,73,0.0,0.0,0.0,8,0,0,8,0.0,51.75
PGE-like,74,0.0,0.0,0.0,7,0,1,7,0.38947996497154236,7.571428571428571
PGV-like,75,0.0,0.0,0.0,80,0,15,80,0.5291541814804077,5.075
PLC,76,0.0,0.0,0.0,6,0,0,6,0.0,12.833333333333334
PLM-like,77,0.3333333333333333,0.10344827586206896,0.15789473684210528,29,3,6,26,0.5897529125213623,7.344827586206897
PLP-like,78,0.3333333333333333,0.1111111111111111,0.16666666666666666,9,1,2,8,0.6338993906974792,16.88888888888889
PRO-like,79,0.0,0.0,0.0,2,0,0,2,0.0,46.5
PUT-like,80,0.0,0.0,0.0,3,0,1,3,0.3605368137359619,10.333333333333334
PX4-like,81,0.4444444444444444,0.14035087719298245,0.21333333333333335,57,8,10,49,0.5019626021385193,4.859649122807017
RARE_LIGAND,83,0.6126674786845311,0.7229608336327704,0.6632602604252513,2783,2012,1272,771,0.7196723222732544,1.3963348904060366
RET-like,84,0.0,0.0,0.0,6,0,1,6,0.4736493229866028,34.333333333333336
SF4-like,86,0.8947368421052632,0.9145569620253164,0.9045383411580594,316,289,34,27,0.9162895083427429,1.2373417721518987
SO4-like,87,0.0,0.0,0.0,45,0,2,45,0.4949648678302765,6.911111111111111
SPM-like,88,0.0,0.0,0.0,7,0,21,7,0.5342109203338623,28.142857142857142
STU-like,90,1.0,1.0,1.0,1,1,0,0,0.6028497219085693,1.0
UDP-like,91,0.0,0.0,0.0,4,0,0,4,0.0,38.75
ZN-like,92,0.2760942760942761,0.24477611940298508,0.25949367088607594,335,82,215,253,0.561500608921051,2.283582089552239
